{
    "name": "token-replacer",
    "title": "Token Replacer",
    "description": "Automatically replace NPC actor tokens and/or portraits dependant on token assests saved in a defined folder structure.",
    "version": "0.5.3",
    "authors": [
      {
        "name": "VTT Lair",
        "url": "https://github.com/vtt-lair"
      }
    ],
    "scripts": [
        "/scripts/token-replacer.js"
    ],    
    "includes": [
        "tokens",
        "module.json"
    ],
    "languages": [
        {
            "lang": "en",
            "name": "English",
            "path": "lang/en.json"
        }
    ],
    "url": "https://github.com/vtt-lair/token-replacer",
    "manifest": "https://github.com/vtt-lair/token-replacer/releases/latest/download/module.json",
    "download": "https://github.com/vtt-lair/token-replacer/releases/download/v0.5.3/token-replacer-v0.5.3.zip",
    "minimumCoreVersion": "0.8.5",
    "compatibleCoreVersion": "0.8.8"
}
